{
    "rmse": 0.6885874358733053,
    "mae": 0.5494444998121087,
    "r2": 0.25547510713554633
}