{
    "rmse": 0.666589591801136,
    "mae": 0.5263553873931366,
    "r2": 0.2742537464838557
}